model,target,pr_auc,roc_auc,brier,ece,recall@1%,precision@1%,recall@5%,precision@5%,recall@10%,precision@10%,recall@20%,precision@20%,note
logreg_plain,adverse_outcome,0.7443,0.7966,0.1828,0.068,0.0239,0.9739,0.1139,0.9298,0.2174,0.8873,0.3968,0.8096,"C=0.1, balanced, median impute, no indicators"
logreg_plain,readmission_30d,0.208,0.6068,0.2393,0.3501,0.0243,0.3308,0.1119,0.3043,0.1987,0.2703,0.3366,0.2289,"C=0.01, balanced, median impute, no indicators"
logreg_age_spline,adverse_outcome,0.7463,0.7977,0.1821,0.0675,0.024,0.9791,0.1145,0.934,0.218,0.8894,0.3973,0.8104,"C=0.1, balanced, median impute, age spline (8 knots)"
logreg_age_spline,readmission_30d,0.2148,0.6086,0.2381,0.3493,0.0295,0.4018,0.1144,0.3112,0.2007,0.2731,0.3356,0.2283,"C=1.0, balanced, median impute, age spline (8 knots)"
logreg_age_spline_ind,adverse_outcome,0.7463,0.7977,0.1821,0.0675,0.024,0.9791,0.1144,0.9335,0.2181,0.89,0.3972,0.8104,"C=0.1, balanced, age spline, +7 lab missing indicators"
logreg_age_spline_ind,readmission_30d,0.2147,0.6086,0.238,0.3491,0.0297,0.4033,0.1151,0.313,0.2009,0.2734,0.3347,0.2277,"C=1.0, balanced, age spline, +7 lab missing indicators"
xgboost,adverse_outcome,0.7548,0.8039,0.1741,0.0044,0.0241,0.9828,0.1154,0.9416,0.2207,0.9007,0.4023,0.8207,"native NaN, unweighted, 185 trees, early stop on val"
xgboost,readmission_30d,0.2138,0.608,0.1146,0.0067,0.0285,0.3876,0.1136,0.3091,0.2012,0.2737,0.3351,0.2279,"native NaN, unweighted, 36 trees, early stop on val"
lightgbm,adverse_outcome,0.7553,0.8041,0.174,0.0043,0.024,0.9806,0.1156,0.9432,0.2205,0.8997,0.4026,0.8213,"native NaN, unweighted, 291 trees, early stop on val"
lightgbm,readmission_30d,0.2138,0.608,0.1145,0.0049,0.0282,0.3831,0.1145,0.3115,0.2002,0.2723,0.3371,0.2293,"native NaN, unweighted, 51 trees, early stop on val"
lightgbm_imputed,adverse_outcome,0.7553,0.8041,0.174,0.0049,0.024,0.9798,0.1153,0.9411,0.2206,0.9003,0.4031,0.8223,"median impute, unweighted, 275 trees, early stop on val"
lightgbm_imputed,readmission_30d,0.2135,0.6081,0.1146,0.006,0.0282,0.3831,0.1139,0.3099,0.2002,0.2723,0.3368,0.2291,"median impute, unweighted, 41 trees, early stop on val"
lightgbm_imputed_ind,adverse_outcome,0.755,0.804,0.174,0.0047,0.0241,0.9813,0.1153,0.9408,0.2204,0.8994,0.4028,0.8217,"median impute + 7 lab indicators, unweighted, 225 trees, early stop on val"
lightgbm_imputed_ind,readmission_30d,0.214,0.6086,0.1145,0.005,0.0287,0.3898,0.1134,0.3084,0.2001,0.2722,0.3365,0.2289,"median impute + 7 lab indicators, unweighted, 43 trees, early stop on val"
logreg_age_spline_nolabs,adverse_outcome,0.7403,0.793,0.1842,0.0685,0.0239,0.9768,0.1144,0.9334,0.2162,0.882,0.3942,0.8042,"C=0.1, balanced, age spline, no lab columns"
lightgbm_nolabs,adverse_outcome,0.7476,0.7976,0.1768,0.0047,0.024,0.9806,0.115,0.938,0.2191,0.894,0.3991,0.8142,"native NaN, unweighted, no lab columns, 245 trees, early stop on val"
logreg_age_spline_nolabs,readmission_30d,0.215,0.6092,0.2379,0.3491,0.0297,0.404,0.1143,0.3111,0.2005,0.2727,0.3355,0.2282,"C=0.1, balanced, age spline, no lab columns"
lightgbm_nolabs,readmission_30d,0.2135,0.6079,0.1149,0.0097,0.0284,0.3869,0.113,0.3073,0.1991,0.2709,0.3368,0.2291,"native NaN, unweighted, no lab columns, 23 trees, early stop on val"
