target,comparison,feature,smd,mean_first,mean_second,n_first,n_second
adverse_outcome,FP vs TP (both reviewed),model_score,-0.6853,0.775,0.8275,4785,21986
adverse_outcome,FP vs TP (both reviewed),triage_level,0.2276,2.8082,2.5798,4785,21986
adverse_outcome,FP vs TP (both reviewed),sofa_score_approx,-0.2235,5.1956,5.6357,4785,21986
adverse_outcome,FP vs TP (both reviewed),gcs_total,0.2158,10.7327,10.336,4785,21986
adverse_outcome,FP vs TP (both reviewed),mews_score,-0.2038,4.7147,5.1034,4785,21986
adverse_outcome,FP vs TP (both reviewed),news2_score,-0.198,7.1519,7.6631,4785,21986
adverse_outcome,FP vs TP (both reviewed),pain_score_nrs,-0.1578,5.2817,5.6308,4785,21986
adverse_outcome,FP vs TP (both reviewed),lactate_mmoll,-0.1455,3.2137,3.3765,4785,21986
adverse_outcome,FP vs TP (both reviewed),d_dimer_mgfl,-0.133,1.486,1.5623,4785,21986
adverse_outcome,FP vs TP (both reviewed),age,-0.1301,63.553,66.4002,4785,21986
adverse_outcome,FP vs TP (both reviewed),charlson_comorbidity_index,-0.1183,3.5078,3.779,4785,21986
adverse_outcome,FP vs TP (both reviewed),sbp_mmhg,0.1097,108.1212,104.7294,4785,21986
adverse_outcome,FP vs TP (both reviewed),dbp_mmhg,0.1094,67.1726,64.9729,4785,21986
adverse_outcome,FP vs TP (both reviewed),bun_mgdl,-0.1094,27.7422,28.8269,4785,21986
adverse_outcome,FP vs TP (both reviewed),respiratory_rate_rpm,-0.1084,20.1492,20.6026,4785,21986
adverse_outcome,FP vs TP (both reviewed),troponin_i_ngml,-0.1074,0.1969,0.2053,4785,21986
adverse_outcome,FP vs TP (both reviewed),spo2_pct,0.107,93.1189,92.7715,4785,21986
adverse_outcome,FP vs TP (both reviewed),modified_shock_index,-0.1054,1.4054,1.4705,4785,21986
adverse_outcome,FP vs TP (both reviewed),shock_index,-0.1053,1.047,1.0947,4785,21986
adverse_outcome,FP vs TP (both reviewed),procalcitonin_ngl,-0.1003,4.6801,4.8533,4785,21986
adverse_outcome,FP vs TP (both reviewed),crp_mgl,-0.0946,73.602,76.2959,4785,21986
adverse_outcome,FP vs TP (both reviewed),bnp_pgl,-0.0728,478.4158,491.4497,4785,21986
adverse_outcome,FP vs TP (both reviewed),bicarbonate_meql,0.0723,19.406,19.0421,4785,21986
adverse_outcome,FP vs TP (both reviewed),glucose_mgdl,-0.0643,146.1349,149.2943,4785,21986
adverse_outcome,FP vs TP (both reviewed),egfr_ml_min,0.0639,80.2145,78.6103,4785,21986
adverse_outcome,FP vs TP (both reviewed),lipase_ul,-0.0628,132.7813,138.2592,4785,21986
adverse_outcome,FP vs TP (both reviewed),creatinine_mgdl,-0.0618,1.5005,1.5329,4785,21986
adverse_outcome,FP vs TP (both reviewed),wbc_k_ul,-0.0611,13.8296,14.1387,4785,21986
adverse_outcome,FP vs TP (both reviewed),anion_gap_meql,-0.0598,17.5933,18.1147,4785,21986
adverse_outcome,FP vs TP (both reviewed),inr,-0.0573,1.317,1.3352,4785,21986
adverse_outcome,FP vs TP (both reviewed),albumin_gdl,0.0571,3.6137,3.5682,4785,21986
adverse_outcome,FP vs TP (both reviewed),comorbidity_hypothyroidism,-0.0548,0.0725,0.0874,4785,21986
adverse_outcome,FP vs TP (both reviewed),comorbidity_liver_cirrhosis,-0.0499,0.0454,0.0563,4785,21986
adverse_outcome,FP vs TP (both reviewed),sodium_meql,-0.0423,137.9282,138.1408,4785,21986
adverse_outcome,FP vs TP (both reviewed),gender_male,-0.0421,0.5747,0.5955,4785,21986
adverse_outcome,FP vs TP (both reviewed),med_beta_blocker_use,-0.0412,0.1162,0.1297,4785,21986
adverse_outcome,FP vs TP (both reviewed),temperature_celsius,-0.0404,37.3687,37.4017,4785,21986
adverse_outcome,FP vs TP (both reviewed),uric_acid_mgdl,0.0388,5.5413,5.4717,4785,21986
adverse_outcome,FP vs TP (both reviewed),aptt_sec,-0.0369,35.4202,35.716,4785,21986
adverse_outcome,FP vs TP (both reviewed),total_bilirubin_mgdl,-0.0365,0.8379,0.8579,4785,21986
adverse_outcome,FP vs TP (both reviewed),comorbidity_active_malignancy,-0.0359,0.1093,0.1208,4785,21986
adverse_outcome,FP vs TP (both reviewed),polypharmacy_5plus,-0.0339,0.0013,0.0028,4785,21986
adverse_outcome,FP vs TP (both reviewed),potassium_meql,0.0336,4.1185,4.0966,4785,21986
adverse_outcome,FP vs TP (both reviewed),comorbidity_peripheral_vascular_disease,-0.0321,0.0495,0.0567,4785,21986
adverse_outcome,FP vs TP (both reviewed),comorbidity_chronic_kidney_disease,-0.032,0.1275,0.1384,4785,21986
adverse_outcome,FP vs TP (both reviewed),prior_ed_visits_12mo,0.0296,1.9076,1.8646,4785,21986
adverse_outcome,FP vs TP (both reviewed),prior_hospitalization_12mo,-0.0273,0.6662,0.6838,4785,21986
adverse_outcome,FP vs TP (both reviewed),comorbidity_copd,-0.027,0.1014,0.1097,4785,21986
adverse_outcome,FP vs TP (both reviewed),weight_kg,-0.0266,76.8324,77.2676,4785,21986
adverse_outcome,FP vs TP (both reviewed),bmi,-0.0241,27.0171,27.1575,4785,21986
adverse_outcome,FP vs TP (both reviewed),magnesium_mgdl,-0.0213,1.9934,2.002,4785,21986
adverse_outcome,FP vs TP (both reviewed),hemoglobin_gdl,0.0204,11.8602,11.8087,4785,21986
adverse_outcome,FP vs TP (both reviewed),heart_rate_bpm,-0.0191,102.5816,102.9768,4785,21986
adverse_outcome,FP vs TP (both reviewed),comorbidity_depression_anxiety,-0.018,0.1651,0.1718,4785,21986
adverse_outcome,FP vs TP (both reviewed),comorbidity_hypertension,-0.0175,0.4491,0.4578,4785,21986
adverse_outcome,FP vs TP (both reviewed),med_diuretic_use,0.0173,0.0961,0.0911,4785,21986
adverse_outcome,FP vs TP (both reviewed),ses_index,-0.0163,5.5292,5.5634,4785,21986
adverse_outcome,FP vs TP (both reviewed),annual_ed_volume,-0.0156,128474.8345,129840.2487,4785,21986
adverse_outcome,FP vs TP (both reviewed),med_oral_hypoglycemic_use,0.0145,0.102,0.0977,4785,21986
adverse_outcome,FP vs TP (both reviewed),comorbidity_cerebrovascular_disease,0.012,0.0771,0.074,4785,21986
adverse_outcome,FP vs TP (both reviewed),comorbidity_asthma,-0.0119,0.0823,0.0856,4785,21986
adverse_outcome,FP vs TP (both reviewed),comorbidity_heart_failure,-0.0115,0.0999,0.1034,4785,21986
adverse_outcome,FP vs TP (both reviewed),chloride_meql,-0.011,100.9289,100.984,4785,21986
adverse_outcome,FP vs TP (both reviewed),med_antiplatelet_use,0.0104,0.139,0.1354,4785,21986
adverse_outcome,FP vs TP (both reviewed),comorbidity_atrial_fibrillation,0.0097,0.0746,0.0721,4785,21986
adverse_outcome,FP vs TP (both reviewed),med_nsaid_use,-0.0093,0.1166,0.1196,4785,21986
adverse_outcome,FP vs TP (both reviewed),med_anticoagulant_use,-0.0089,0.0796,0.0821,4785,21986
adverse_outcome,FP vs TP (both reviewed),platelets_k_ul,0.0087,239.4497,238.6706,4785,21986
adverse_outcome,FP vs TP (both reviewed),height_cm,-0.0076,168.9106,168.9803,4785,21986
adverse_outcome,FP vs TP (both reviewed),comorbidity_dementia,-0.0068,0.0589,0.0605,4785,21986
adverse_outcome,FP vs TP (both reviewed),comorbidity_coronary_artery_disease,-0.0063,0.1452,0.1475,4785,21986
adverse_outcome,FP vs TP (both reviewed),med_insulin_use,-0.0056,0.0677,0.0691,4785,21986
adverse_outcome,FP vs TP (both reviewed),med_corticosteroid_use,-0.0044,0.0564,0.0574,4785,21986
adverse_outcome,FP vs TP (both reviewed),covid_vaccinated,0.0038,0.6514,0.6496,4785,21986
adverse_outcome,FP vs TP (both reviewed),alt_ul,0.0032,34.3699,34.2754,4785,21986
adverse_outcome,FP vs TP (both reviewed),comorbidity_hiv_aids,-0.0029,0.0094,0.0097,4785,21986
adverse_outcome,FP vs TP (both reviewed),phosphorus_mgdl,0.0024,3.4988,3.4969,4785,21986
adverse_outcome,FP vs TP (both reviewed),calcium_mgdl,0.0022,9.1982,9.1963,4785,21986
adverse_outcome,FP vs TP (both reviewed),comorbidity_obesity_bmi_gte35,0.0018,0.2232,0.2225,4785,21986
adverse_outcome,FP vs TP (both reviewed),comorbidity_diabetes_t1,0.0017,0.0332,0.0329,4785,21986
adverse_outcome,FP vs TP (both reviewed),med_ace_arb_use,0.0016,0.1735,0.1728,4785,21986
adverse_outcome,FP vs TP (both reviewed),arrival_hour,0.0015,11.3559,11.3452,4785,21986
adverse_outcome,FP vs TP (both reviewed),med_statin_use,0.0015,0.1804,0.1798,4785,21986
adverse_outcome,FP vs TP (both reviewed),ast_ul,-0.0008,37.8464,37.8711,4785,21986
adverse_outcome,FP vs TP (both reviewed),comorbidity_diabetes_t2,-0.0005,0.2307,0.2309,4785,21986
adverse_outcome,FN vs TN (both not reviewed),model_score,0.8532,0.4025,0.2638,32629,74453
adverse_outcome,FN vs TN (both not reviewed),sofa_score_approx,0.3814,3.7354,3.0881,32629,74453
adverse_outcome,FN vs TN (both not reviewed),age,0.3769,48.5787,41.3638,32629,74453
adverse_outcome,FN vs TN (both not reviewed),charlson_comorbidity_index,0.3646,2.1577,1.5287,32629,74453
adverse_outcome,FN vs TN (both not reviewed),gcs_total,-0.3516,11.9592,12.5567,32629,74453
adverse_outcome,FN vs TN (both not reviewed),news2_score,0.3509,5.3031,4.4998,32629,74453
adverse_outcome,FN vs TN (both not reviewed),mews_score,0.3369,3.3559,2.8376,32629,74453
adverse_outcome,FN vs TN (both not reviewed),triage_level,-0.3238,3.5545,3.8263,32629,74453
adverse_outcome,FN vs TN (both not reviewed),pain_score_nrs,0.2515,3.9614,3.4421,32629,74453
adverse_outcome,FN vs TN (both not reviewed),lactate_mmoll,0.2181,2.7287,2.5024,32629,74453
adverse_outcome,FN vs TN (both not reviewed),shock_index,0.2064,0.8373,0.782,32629,74453
adverse_outcome,FN vs TN (both not reviewed),modified_shock_index,0.2039,1.1242,1.0496,32629,74453
adverse_outcome,FN vs TN (both not reviewed),spo2_pct,-0.1884,94.1758,94.7499,32629,74453
adverse_outcome,FN vs TN (both not reviewed),troponin_i_ngml,0.1582,0.1721,0.1597,32629,74453
adverse_outcome,FN vs TN (both not reviewed),sbp_mmhg,-0.1487,122.3573,125.967,32629,74453
adverse_outcome,FN vs TN (both not reviewed),bnp_pgl,0.1466,405.667,379.948,32629,74453
adverse_outcome,FN vs TN (both not reviewed),respiratory_rate_rpm,0.1438,18.9957,18.4026,32629,74453
adverse_outcome,FN vs TN (both not reviewed),crp_mgl,0.1388,63.5953,59.7001,32629,74453
adverse_outcome,FN vs TN (both not reviewed),procalcitonin_ngl,0.1387,3.9889,3.7507,32629,74453
adverse_outcome,FN vs TN (both not reviewed),dbp_mmhg,-0.1386,75.8685,78.1114,32629,74453
adverse_outcome,FN vs TN (both not reviewed),d_dimer_mgfl,0.1366,1.306,1.2263,32629,74453
adverse_outcome,FN vs TN (both not reviewed),wbc_k_ul,0.131,12.6146,11.9637,32629,74453
adverse_outcome,FN vs TN (both not reviewed),gender_male,0.1276,0.5319,0.4683,32629,74453
adverse_outcome,FN vs TN (both not reviewed),heart_rate_bpm,0.126,97.1864,94.6594,32629,74453
adverse_outcome,FN vs TN (both not reviewed),creatinine_mgdl,0.1259,1.3738,1.3082,32629,74453
adverse_outcome,FN vs TN (both not reviewed),egfr_ml_min,-0.1107,85.33,88.1664,32629,74453
adverse_outcome,FN vs TN (both not reviewed),bun_mgdl,0.1,25.612,24.619,32629,74453
adverse_outcome,FN vs TN (both not reviewed),height_cm,0.0807,168.3856,167.6418,32629,74453
adverse_outcome,FN vs TN (both not reviewed),comorbidity_active_malignancy,0.073,0.0885,0.0689,32629,74453
adverse_outcome,FN vs TN (both not reviewed),comorbidity_heart_failure,0.0721,0.0774,0.0592,32629,74453
adverse_outcome,FN vs TN (both not reviewed),comorbidity_chronic_kidney_disease,0.0675,0.0976,0.0784,32629,74453
adverse_outcome,FN vs TN (both not reviewed),bicarbonate_meql,-0.0638,20.0318,20.3533,32629,74453
adverse_outcome,FN vs TN (both not reviewed),lipase_ul,0.0612,121.5479,116.17,32629,74453
adverse_outcome,FN vs TN (both not reviewed),aptt_sec,0.0608,34.0136,33.5312,32629,74453
adverse_outcome,FN vs TN (both not reviewed),inr,0.0583,1.268,1.2495,32629,74453
adverse_outcome,FN vs TN (both not reviewed),comorbidity_copd,0.0566,0.0883,0.0729,32629,74453
adverse_outcome,FN vs TN (both not reviewed),weight_kg,0.0543,76.4232,75.5498,32629,74453
adverse_outcome,FN vs TN (both not reviewed),glucose_mgdl,0.0513,140.1127,137.5942,32629,74453
adverse_outcome,FN vs TN (both not reviewed),albumin_gdl,-0.0482,3.7059,3.745,32629,74453
adverse_outcome,FN vs TN (both not reviewed),anion_gap_meql,0.0478,17.0092,16.5947,32629,74453
adverse_outcome,FN vs TN (both not reviewed),comorbidity_hypertension,0.0431,0.3809,0.3601,32629,74453
adverse_outcome,FN vs TN (both not reviewed),comorbidity_diabetes_t2,0.0424,0.178,0.1621,32629,74453
adverse_outcome,FN vs TN (both not reviewed),comorbidity_liver_cirrhosis,0.0415,0.0359,0.0286,32629,74453
adverse_outcome,FN vs TN (both not reviewed),total_bilirubin_mgdl,0.0377,0.8443,0.824,32629,74453
adverse_outcome,FN vs TN (both not reviewed),temperature_celsius,0.0347,37.2937,37.2659,32629,74453
adverse_outcome,FN vs TN (both not reviewed),comorbidity_coronary_artery_disease,0.0333,0.1202,0.1096,32629,74453
adverse_outcome,FN vs TN (both not reviewed),prior_hospitalization_12mo,0.0312,0.6925,0.6722,32629,74453
adverse_outcome,FN vs TN (both not reviewed),comorbidity_hiv_aids,0.0289,0.0062,0.0041,32629,74453
adverse_outcome,FN vs TN (both not reviewed),comorbidity_obesity_bmi_gte35,0.0269,0.1893,0.1789,32629,74453
adverse_outcome,FN vs TN (both not reviewed),comorbidity_dementia,0.0238,0.0485,0.0435,32629,74453
adverse_outcome,FN vs TN (both not reviewed),comorbidity_cerebrovascular_disease,0.0219,0.0596,0.0545,32629,74453
adverse_outcome,FN vs TN (both not reviewed),comorbidity_hypothyroidism,0.0214,0.0729,0.0675,32629,74453
adverse_outcome,FN vs TN (both not reviewed),med_diuretic_use,-0.0165,0.0851,0.0898,32629,74453
adverse_outcome,FN vs TN (both not reviewed),comorbidity_atrial_fibrillation,0.0152,0.0596,0.056,32629,74453
adverse_outcome,FN vs TN (both not reviewed),comorbidity_depression_anxiety,0.0146,0.1394,0.1343,32629,74453
adverse_outcome,FN vs TN (both not reviewed),sodium_meql,0.0146,138.0478,137.9751,32629,74453
adverse_outcome,FN vs TN (both not reviewed),bmi,0.0133,27.0516,26.9747,32629,74453
adverse_outcome,FN vs TN (both not reviewed),uric_acid_mgdl,0.0119,5.5305,5.5092,32629,74453
adverse_outcome,FN vs TN (both not reviewed),comorbidity_diabetes_t1,0.0103,0.0231,0.0216,32629,74453
adverse_outcome,FN vs TN (both not reviewed),med_anticoagulant_use,0.0101,0.0799,0.0771,32629,74453
adverse_outcome,FN vs TN (both not reviewed),med_ace_arb_use,-0.0082,0.1679,0.171,32629,74453
adverse_outcome,FN vs TN (both not reviewed),arrival_hour,-0.0073,11.4985,11.5491,32629,74453
adverse_outcome,FN vs TN (both not reviewed),med_statin_use,-0.0071,0.1777,0.1804,32629,74453
adverse_outcome,FN vs TN (both not reviewed),comorbidity_asthma,0.0067,0.069,0.0674,32629,74453
adverse_outcome,FN vs TN (both not reviewed),comorbidity_peripheral_vascular_disease,0.0064,0.0465,0.0452,32629,74453
adverse_outcome,FN vs TN (both not reviewed),magnesium_mgdl,-0.0064,1.9994,2.002,32629,74453
adverse_outcome,FN vs TN (both not reviewed),phosphorus_mgdl,0.0061,3.5022,3.4973,32629,74453
adverse_outcome,FN vs TN (both not reviewed),potassium_meql,0.0058,4.1033,4.0995,32629,74453
adverse_outcome,FN vs TN (both not reviewed),hemoglobin_gdl,-0.0044,12.0501,12.0611,32629,74453
adverse_outcome,FN vs TN (both not reviewed),med_corticosteroid_use,-0.0043,0.0584,0.0594,32629,74453
adverse_outcome,FN vs TN (both not reviewed),ses_index,0.0041,5.5683,5.5597,32629,74453
adverse_outcome,FN vs TN (both not reviewed),chloride_meql,-0.0041,101.0067,101.0271,32629,74453
adverse_outcome,FN vs TN (both not reviewed),alt_ul,-0.0034,34.263,34.3633,32629,74453
adverse_outcome,FN vs TN (both not reviewed),med_oral_hypoglycemic_use,0.0031,0.0995,0.0986,32629,74453
adverse_outcome,FN vs TN (both not reviewed),med_beta_blocker_use,-0.0026,0.1275,0.1284,32629,74453
adverse_outcome,FN vs TN (both not reviewed),covid_vaccinated,-0.0023,0.6461,0.6472,32629,74453
adverse_outcome,FN vs TN (both not reviewed),ast_ul,0.002,37.9386,37.8739,32629,74453
adverse_outcome,FN vs TN (both not reviewed),med_nsaid_use,0.002,0.119,0.1183,32629,74453
adverse_outcome,FN vs TN (both not reviewed),annual_ed_volume,-0.0017,130010.2955,130161.5978,32629,74453
adverse_outcome,FN vs TN (both not reviewed),calcium_mgdl,0.0015,9.2012,9.1998,32629,74453
adverse_outcome,FN vs TN (both not reviewed),prior_ed_visits_12mo,-0.001,1.8544,1.8558,32629,74453
adverse_outcome,FN vs TN (both not reviewed),platelets_k_ul,-0.0009,240.0149,240.0923,32629,74453
adverse_outcome,FN vs TN (both not reviewed),polypharmacy_5plus,-0.0007,0.0024,0.0025,32629,74453
adverse_outcome,FN vs TN (both not reviewed),med_insulin_use,0.0003,0.07,0.0699,32629,74453
adverse_outcome,FN vs TN (both not reviewed),med_antiplatelet_use,-0.0002,0.1409,0.141,32629,74453
readmission_30d,FP vs TP (both reviewed),model_score,-0.2592,0.254,0.2656,9741,3645
readmission_30d,FP vs TP (both reviewed),age,-0.2534,85.2929,87.6636,9741,3645
readmission_30d,FP vs TP (both reviewed),charlson_comorbidity_index,-0.0785,5.4137,5.5399,9741,3645
readmission_30d,FP vs TP (both reviewed),comorbidity_peripheral_vascular_disease,0.0666,0.0729,0.0565,9741,3645
readmission_30d,FP vs TP (both reviewed),respiratory_rate_rpm,0.044,19.0239,18.839,9741,3645
readmission_30d,FP vs TP (both reviewed),prior_ed_visits_12mo,-0.0417,2.084,2.1495,9741,3645
readmission_30d,FP vs TP (both reviewed),comorbidity_hypertension,-0.0405,0.5384,0.5586,9741,3645
readmission_30d,FP vs TP (both reviewed),comorbidity_active_malignancy,-0.0392,0.119,0.132,9741,3645
readmission_30d,FP vs TP (both reviewed),uric_acid_mgdl,0.0386,5.5176,5.4485,9741,3645
readmission_30d,FP vs TP (both reviewed),comorbidity_coronary_artery_disease,-0.0384,0.1755,0.1904,9741,3645
readmission_30d,FP vs TP (both reviewed),hemoglobin_gdl,0.0383,12.0127,11.9166,9741,3645
readmission_30d,FP vs TP (both reviewed),comorbidity_hypothyroidism,0.0377,0.1048,0.0936,9741,3645
readmission_30d,FP vs TP (both reviewed),comorbidity_dementia,-0.0355,0.0692,0.0785,9741,3645
readmission_30d,FP vs TP (both reviewed),comorbidity_diabetes_t1,-0.0334,0.036,0.0425,9741,3645
readmission_30d,FP vs TP (both reviewed),lipase_ul,0.0333,120.571,117.6931,9741,3645
readmission_30d,FP vs TP (both reviewed),comorbidity_diabetes_t2,0.0329,0.2699,0.2554,9741,3645
readmission_30d,FP vs TP (both reviewed),glucose_mgdl,0.0327,140.7728,139.1603,9741,3645
readmission_30d,FP vs TP (both reviewed),comorbidity_obesity_bmi_gte35,-0.0322,0.2641,0.2785,9741,3645
readmission_30d,FP vs TP (both reviewed),comorbidity_asthma,-0.0312,0.097,0.1064,9741,3645
readmission_30d,FP vs TP (both reviewed),med_corticosteroid_use,0.0311,0.0599,0.0527,9741,3645
readmission_30d,FP vs TP (both reviewed),weight_kg,-0.0293,75.7642,76.2362,9741,3645
readmission_30d,FP vs TP (both reviewed),albumin_gdl,-0.0271,3.7004,3.7221,9741,3645
readmission_30d,FP vs TP (both reviewed),med_nsaid_use,0.027,0.1237,0.115,9741,3645
readmission_30d,FP vs TP (both reviewed),magnesium_mgdl,-0.0256,1.9974,2.0076,9741,3645
readmission_30d,FP vs TP (both reviewed),potassium_meql,-0.025,4.0887,4.1049,9741,3645
readmission_30d,FP vs TP (both reviewed),gender_male,-0.0228,0.4986,0.51,9741,3645
readmission_30d,FP vs TP (both reviewed),dbp_mmhg,0.0224,75.0897,74.6963,9741,3645
readmission_30d,FP vs TP (both reviewed),prior_hospitalization_12mo,-0.0223,0.6789,0.6933,9741,3645
readmission_30d,FP vs TP (both reviewed),sbp_mmhg,0.0222,121.1101,120.5185,9741,3645
readmission_30d,FP vs TP (both reviewed),news2_score,0.0218,5.3181,5.262,9741,3645
readmission_30d,FP vs TP (both reviewed),covid_vaccinated,0.0212,0.6546,0.6444,9741,3645
readmission_30d,FP vs TP (both reviewed),height_cm,-0.0208,167.8895,168.0823,9741,3645
readmission_30d,FP vs TP (both reviewed),med_ace_arb_use,-0.0201,0.1669,0.1745,9741,3645
readmission_30d,FP vs TP (both reviewed),pain_score_nrs,0.02,3.9778,3.9331,9741,3645
readmission_30d,FP vs TP (both reviewed),creatinine_mgdl,0.0186,1.3717,1.3619,9741,3645
readmission_30d,FP vs TP (both reviewed),modified_shock_index,-0.0182,1.1485,1.1568,9741,3645
readmission_30d,FP vs TP (both reviewed),shock_index,-0.0176,0.8553,0.8611,9741,3645
readmission_30d,FP vs TP (both reviewed),comorbidity_atrial_fibrillation,0.0172,0.0854,0.0807,9741,3645
readmission_30d,FP vs TP (both reviewed),med_oral_hypoglycemic_use,-0.0166,0.0976,0.1026,9741,3645
readmission_30d,FP vs TP (both reviewed),d_dimer_mgfl,-0.0164,1.3094,1.319,9741,3645
readmission_30d,FP vs TP (both reviewed),phosphorus_mgdl,-0.0164,3.4948,3.508,9741,3645
readmission_30d,FP vs TP (both reviewed),lactate_mmoll,-0.0162,2.7213,2.7392,9741,3645
readmission_30d,FP vs TP (both reviewed),bmi,-0.0157,26.97,27.0605,9741,3645
readmission_30d,FP vs TP (both reviewed),comorbidity_liver_cirrhosis,-0.0157,0.058,0.0617,9741,3645
readmission_30d,FP vs TP (both reviewed),mews_score,0.0147,3.4044,3.3778,9741,3645
readmission_30d,FP vs TP (both reviewed),wbc_k_ul,-0.014,12.4531,12.5228,9741,3645
readmission_30d,FP vs TP (both reviewed),comorbidity_chronic_kidney_disease,-0.013,0.1468,0.1514,9741,3645
readmission_30d,FP vs TP (both reviewed),inr,-0.013,1.2706,1.2748,9741,3645
readmission_30d,FP vs TP (both reviewed),med_insulin_use,0.0125,0.0709,0.0678,9741,3645
readmission_30d,FP vs TP (both reviewed),temperature_celsius,0.0123,37.295,37.2851,9741,3645
readmission_30d,FP vs TP (both reviewed),comorbidity_copd,-0.0121,0.1263,0.1303,9741,3645
readmission_30d,FP vs TP (both reviewed),calcium_mgdl,0.0121,9.2027,9.1918,9741,3645
readmission_30d,FP vs TP (both reviewed),comorbidity_hiv_aids,0.011,0.0095,0.0085,9741,3645
readmission_30d,FP vs TP (both reviewed),triage_level,-0.0108,3.5359,3.5465,9741,3645
readmission_30d,FP vs TP (both reviewed),alt_ul,-0.0107,34.2419,34.556,9741,3645
readmission_30d,FP vs TP (both reviewed),platelets_k_ul,0.0099,237.6387,236.7438,9741,3645
readmission_30d,FP vs TP (both reviewed),med_statin_use,-0.009,0.1792,0.1827,9741,3645
readmission_30d,FP vs TP (both reviewed),ast_ul,-0.009,37.4692,37.7521,9741,3645
readmission_30d,FP vs TP (both reviewed),med_beta_blocker_use,0.0088,0.1291,0.1262,9741,3645
readmission_30d,FP vs TP (both reviewed),sofa_score_approx,0.0088,3.7245,3.7073,9741,3645
readmission_30d,FP vs TP (both reviewed),procalcitonin_ngl,0.008,4.0051,3.991,9741,3645
readmission_30d,FP vs TP (both reviewed),annual_ed_volume,-0.008,129387.1747,130079.9753,9741,3645
readmission_30d,FP vs TP (both reviewed),crp_mgl,-0.0079,63.1819,63.4109,9741,3645
readmission_30d,FP vs TP (both reviewed),arrival_hour,-0.0076,11.4603,11.5133,9741,3645
readmission_30d,FP vs TP (both reviewed),bnp_pgl,-0.0071,406.1714,407.4723,9741,3645
readmission_30d,FP vs TP (both reviewed),gcs_total,-0.0066,12.0065,12.0192,9741,3645
readmission_30d,FP vs TP (both reviewed),comorbidity_depression_anxiety,-0.0064,0.201,0.2036,9741,3645
readmission_30d,FP vs TP (both reviewed),ses_index,0.0064,5.5575,5.5443,9741,3645
readmission_30d,FP vs TP (both reviewed),med_anticoagulant_use,-0.0056,0.0813,0.0829,9741,3645
readmission_30d,FP vs TP (both reviewed),troponin_i_ngml,-0.0054,0.1705,0.1709,9741,3645
readmission_30d,FP vs TP (both reviewed),total_bilirubin_mgdl,0.0053,0.8393,0.8365,9741,3645
readmission_30d,FP vs TP (both reviewed),med_antiplatelet_use,-0.0052,0.1367,0.1385,9741,3645
readmission_30d,FP vs TP (both reviewed),comorbidity_cerebrovascular_disease,-0.0042,0.0926,0.0938,9741,3645
readmission_30d,FP vs TP (both reviewed),heart_rate_bpm,0.0038,97.1369,97.0587,9741,3645
readmission_30d,FP vs TP (both reviewed),sodium_meql,0.0033,137.9992,137.9828,9741,3645
readmission_30d,FP vs TP (both reviewed),polypharmacy_5plus,-0.0031,0.0021,0.0022,9741,3645
readmission_30d,FP vs TP (both reviewed),spo2_pct,0.0031,94.2353,94.2257,9741,3645
readmission_30d,FP vs TP (both reviewed),bun_mgdl,0.0028,25.5418,25.5141,9741,3645
readmission_30d,FP vs TP (both reviewed),anion_gap_meql,0.0027,16.9134,16.8897,9741,3645
readmission_30d,FP vs TP (both reviewed),egfr_ml_min,0.002,85.4692,85.4171,9741,3645
readmission_30d,FP vs TP (both reviewed),chloride_meql,-0.0015,101.0763,101.084,9741,3645
readmission_30d,FP vs TP (both reviewed),aptt_sec,-0.001,33.9791,33.9874,9741,3645
readmission_30d,FP vs TP (both reviewed),med_diuretic_use,-0.0003,0.0855,0.0856,9741,3645
readmission_30d,FP vs TP (both reviewed),bicarbonate_meql,0.0001,20.0096,20.0092,9741,3645
readmission_30d,FP vs TP (both reviewed),comorbidity_heart_failure,-0.0,0.1147,0.1147,9741,3645
readmission_30d,FN vs TN (both not reviewed),model_score,0.2487,0.1303,0.1236,14564,105903
readmission_30d,FN vs TN (both not reviewed),age,0.1893,46.9177,43.389,14564,105903
readmission_30d,FN vs TN (both not reviewed),charlson_comorbidity_index,0.1624,1.9986,1.719,14564,105903
readmission_30d,FN vs TN (both not reviewed),prior_ed_visits_12mo,0.0722,1.923,1.8192,14564,105903
readmission_30d,FN vs TN (both not reviewed),comorbidity_hypertension,0.0443,0.3855,0.3641,14564,105903
readmission_30d,FN vs TN (both not reviewed),comorbidity_diabetes_t2,0.0256,0.1787,0.169,14564,105903
readmission_30d,FN vs TN (both not reviewed),comorbidity_obesity_bmi_gte35,0.0204,0.1885,0.1806,14564,105903
readmission_30d,FN vs TN (both not reviewed),comorbidity_depression_anxiety,0.0191,0.1421,0.1355,14564,105903
readmission_30d,FN vs TN (both not reviewed),pain_score_nrs,-0.018,3.9618,4.002,14564,105903
readmission_30d,FN vs TN (both not reviewed),med_beta_blocker_use,-0.0177,0.1228,0.1286,14564,105903
readmission_30d,FN vs TN (both not reviewed),bicarbonate_meql,0.0177,20.1061,20.0167,14564,105903
readmission_30d,FN vs TN (both not reviewed),comorbidity_heart_failure,0.0171,0.0715,0.0671,14564,105903
readmission_30d,FN vs TN (both not reviewed),modified_shock_index,-0.0165,1.143,1.1504,14564,105903
readmission_30d,FN vs TN (both not reviewed),comorbidity_liver_cirrhosis,0.0157,0.0354,0.0326,14564,105903
readmission_30d,FN vs TN (both not reviewed),shock_index,-0.015,0.8519,0.8569,14564,105903
readmission_30d,FN vs TN (both not reviewed),d_dimer_mgfl,-0.0143,1.3019,1.3105,14564,105903
readmission_30d,FN vs TN (both not reviewed),comorbidity_cerebrovascular_disease,0.0143,0.059,0.0557,14564,105903
readmission_30d,FN vs TN (both not reviewed),chloride_meql,-0.0141,100.9424,101.0126,14564,105903
readmission_30d,FN vs TN (both not reviewed),triage_level,0.0137,3.5285,3.515,14564,105903
readmission_30d,FN vs TN (both not reviewed),annual_ed_volume,0.0134,131092.5175,129918.0737,14564,105903
readmission_30d,FN vs TN (both not reviewed),mews_score,-0.0132,3.3828,3.4068,14564,105903
readmission_30d,FN vs TN (both not reviewed),ses_index,0.0126,5.5853,5.559,14564,105903
readmission_30d,FN vs TN (both not reviewed),covid_vaccinated,-0.0124,0.6418,0.6477,14564,105903
readmission_30d,FN vs TN (both not reviewed),bmi,0.0124,27.0918,27.0196,14564,105903
readmission_30d,FN vs TN (both not reviewed),dbp_mmhg,0.0122,75.2077,74.9933,14564,105903
readmission_30d,FN vs TN (both not reviewed),prior_hospitalization_12mo,0.0117,0.6851,0.6775,14564,105903
readmission_30d,FN vs TN (both not reviewed),comorbidity_asthma,0.0114,0.0707,0.0678,14564,105903
readmission_30d,FN vs TN (both not reviewed),comorbidity_hiv_aids,0.0111,0.006,0.0052,14564,105903
readmission_30d,FN vs TN (both not reviewed),weight_kg,0.011,76.2692,76.0912,14564,105903
readmission_30d,FN vs TN (both not reviewed),med_statin_use,-0.011,0.1758,0.1801,14564,105903
readmission_30d,FN vs TN (both not reviewed),med_nsaid_use,0.011,0.1215,0.1179,14564,105903
readmission_30d,FN vs TN (both not reviewed),sbp_mmhg,0.0107,121.2131,120.9275,14564,105903
readmission_30d,FN vs TN (both not reviewed),arrival_hour,0.0106,11.5636,11.4898,14564,105903
readmission_30d,FN vs TN (both not reviewed),inr,-0.0103,1.2675,1.2708,14564,105903
readmission_30d,FN vs TN (both not reviewed),news2_score,-0.0101,5.2875,5.314,14564,105903
readmission_30d,FN vs TN (both not reviewed),albumin_gdl,0.0095,3.7077,3.7,14564,105903
readmission_30d,FN vs TN (both not reviewed),comorbidity_atrial_fibrillation,-0.0094,0.0556,0.0578,14564,105903
readmission_30d,FN vs TN (both not reviewed),spo2_pct,0.0089,94.2507,94.2227,14564,105903
readmission_30d,FN vs TN (both not reviewed),heart_rate_bpm,-0.0087,96.7477,96.925,14564,105903
readmission_30d,FN vs TN (both not reviewed),bun_mgdl,-0.0085,25.6028,25.6887,14564,105903
readmission_30d,FN vs TN (both not reviewed),comorbidity_coronary_artery_disease,0.0085,0.1154,0.1127,14564,105903
readmission_30d,FN vs TN (both not reviewed),comorbidity_peripheral_vascular_disease,-0.0078,0.0438,0.0454,14564,105903
readmission_30d,FN vs TN (both not reviewed),potassium_meql,-0.0076,4.0971,4.1021,14564,105903
readmission_30d,FN vs TN (both not reviewed),comorbidity_copd,0.0075,0.0806,0.0786,14564,105903
readmission_30d,FN vs TN (both not reviewed),phosphorus_mgdl,-0.0074,3.4933,3.4992,14564,105903
readmission_30d,FN vs TN (both not reviewed),comorbidity_diabetes_t1,0.0069,0.0236,0.0226,14564,105903
readmission_30d,FN vs TN (both not reviewed),comorbidity_active_malignancy,0.0062,0.0808,0.0791,14564,105903
readmission_30d,FN vs TN (both not reviewed),lipase_ul,0.0062,122.4132,121.8659,14564,105903
readmission_30d,FN vs TN (both not reviewed),wbc_k_ul,0.006,12.581,12.5509,14564,105903
readmission_30d,FN vs TN (both not reviewed),creatinine_mgdl,0.0059,1.3706,1.3675,14564,105903
readmission_30d,FN vs TN (both not reviewed),glucose_mgdl,-0.0058,140.1963,140.481,14564,105903
readmission_30d,FN vs TN (both not reviewed),egfr_ml_min,-0.0055,85.5198,85.6618,14564,105903
readmission_30d,FN vs TN (both not reviewed),uric_acid_mgdl,-0.0054,5.5021,5.5117,14564,105903
readmission_30d,FN vs TN (both not reviewed),sofa_score_approx,-0.0053,3.7326,3.7432,14564,105903
readmission_30d,FN vs TN (both not reviewed),sodium_meql,0.0053,138.044,138.0178,14564,105903
readmission_30d,FN vs TN (both not reviewed),troponin_i_ngml,0.0052,0.172,0.1716,14564,105903
readmission_30d,FN vs TN (both not reviewed),platelets_k_ul,0.0049,240.4715,240.033,14564,105903
readmission_30d,FN vs TN (both not reviewed),gcs_total,0.0048,11.9861,11.9768,14564,105903
readmission_30d,FN vs TN (both not reviewed),gender_male,-0.0046,0.5072,0.5095,14564,105903
readmission_30d,FN vs TN (both not reviewed),calcium_mgdl,0.0046,9.2031,9.199,14564,105903
readmission_30d,FN vs TN (both not reviewed),med_antiplatelet_use,-0.0045,0.1389,0.1405,14564,105903
readmission_30d,FN vs TN (both not reviewed),ast_ul,0.0044,38.048,37.9095,14564,105903
readmission_30d,FN vs TN (both not reviewed),bnp_pgl,0.0042,408.9073,408.1414,14564,105903
readmission_30d,FN vs TN (both not reviewed),height_cm,-0.0041,168.0712,168.1092,14564,105903
readmission_30d,FN vs TN (both not reviewed),med_insulin_use,0.0041,0.0706,0.0695,14564,105903
readmission_30d,FN vs TN (both not reviewed),magnesium_mgdl,-0.0041,1.9997,2.0013,14564,105903
readmission_30d,FN vs TN (both not reviewed),total_bilirubin_mgdl,0.0038,0.8364,0.8344,14564,105903
readmission_30d,FN vs TN (both not reviewed),alt_ul,0.0037,34.4196,34.3112,14564,105903
readmission_30d,FN vs TN (both not reviewed),crp_mgl,-0.0035,63.8547,63.9544,14564,105903
readmission_30d,FN vs TN (both not reviewed),comorbidity_hypothyroidism,-0.0033,0.0683,0.0691,14564,105903
readmission_30d,FN vs TN (both not reviewed),aptt_sec,-0.0032,34.0629,34.0887,14564,105903
readmission_30d,FN vs TN (both not reviewed),comorbidity_chronic_kidney_disease,-0.003,0.088,0.0889,14564,105903
readmission_30d,FN vs TN (both not reviewed),med_diuretic_use,0.0029,0.0902,0.0894,14564,105903
readmission_30d,FN vs TN (both not reviewed),comorbidity_dementia,-0.0028,0.0449,0.0455,14564,105903
readmission_30d,FN vs TN (both not reviewed),med_corticosteroid_use,0.0026,0.0593,0.0587,14564,105903
readmission_30d,FN vs TN (both not reviewed),polypharmacy_5plus,0.0025,0.0026,0.0025,14564,105903
readmission_30d,FN vs TN (both not reviewed),med_anticoagulant_use,-0.0016,0.078,0.0784,14564,105903
readmission_30d,FN vs TN (both not reviewed),procalcitonin_ngl,0.0015,4.0261,4.0235,14564,105903
readmission_30d,FN vs TN (both not reviewed),respiratory_rate_rpm,-0.0014,18.9654,18.9714,14564,105903
readmission_30d,FN vs TN (both not reviewed),med_oral_hypoglycemic_use,0.0009,0.099,0.0988,14564,105903
readmission_30d,FN vs TN (both not reviewed),med_ace_arb_use,-0.0008,0.1706,0.1709,14564,105903
readmission_30d,FN vs TN (both not reviewed),temperature_celsius,0.0008,37.2999,37.2993,14564,105903
readmission_30d,FN vs TN (both not reviewed),anion_gap_meql,0.0008,16.9955,16.9885,14564,105903
readmission_30d,FN vs TN (both not reviewed),hemoglobin_gdl,-0.0005,12.0114,12.0125,14564,105903
readmission_30d,FN vs TN (both not reviewed),lactate_mmoll,0.0002,2.728,2.7277,14564,105903
