feature,group,kind,pct_missing_dev
arrival_hour,temporal,numeric,0.0
city,institutional,categorical,0.0
urban_rural,institutional,categorical,0.0
hospital_type,institutional,categorical,0.0
annual_ed_volume,institutional,numeric,0.0
age,demographic,numeric,0.0
gender,demographic,categorical,0.0
height_cm,demographic,numeric,0.0
weight_kg,demographic,numeric,0.0
bmi,demographic,numeric,0.0
insurance_type,demographic,categorical,0.0
ses_index,demographic,numeric,0.0
arrival_mode,presentation,categorical,0.0
triage_level,presentation,numeric,0.0
chief_complaint,presentation,categorical,0.0
heart_rate_bpm,vitals,numeric,0.0
sbp_mmhg,vitals,numeric,0.0
dbp_mmhg,vitals,numeric,0.0
respiratory_rate_rpm,vitals,numeric,0.0
temperature_celsius,vitals,numeric,0.0
spo2_pct,vitals,numeric,0.0
gcs_total,vitals,numeric,0.0
pain_score_nrs,vitals,numeric,0.0
glucose_mgdl,laboratory,numeric,0.0
creatinine_mgdl,laboratory,numeric,0.0
bun_mgdl,laboratory,numeric,0.0
sodium_meql,laboratory,numeric,0.0
potassium_meql,laboratory,numeric,0.0
chloride_meql,laboratory,numeric,0.0
bicarbonate_meql,laboratory,numeric,0.0
anion_gap_meql,laboratory,numeric,0.0
wbc_k_ul,laboratory,numeric,0.0
hemoglobin_gdl,laboratory,numeric,0.0
platelets_k_ul,laboratory,numeric,0.0
inr,laboratory,numeric,0.0
aptt_sec,laboratory,numeric,0.0
lactate_mmoll,laboratory,numeric,24.98
troponin_i_ngml,laboratory,numeric,35.01
bnp_pgl,laboratory,numeric,39.99
crp_mgl,laboratory,numeric,0.0
procalcitonin_ngl,laboratory,numeric,30.11
ast_ul,laboratory,numeric,0.0
alt_ul,laboratory,numeric,0.0
lipase_ul,laboratory,numeric,38.14
d_dimer_mgfl,laboratory,numeric,41.98
albumin_gdl,laboratory,numeric,28.09
total_bilirubin_mgdl,laboratory,numeric,0.0
calcium_mgdl,laboratory,numeric,0.0
phosphorus_mgdl,laboratory,numeric,0.0
magnesium_mgdl,laboratory,numeric,0.0
uric_acid_mgdl,laboratory,numeric,0.0
egfr_ml_min,laboratory,numeric,15.0
comorbidity_hypertension,comorbidity,binary,0.0
comorbidity_diabetes_t2,comorbidity,binary,0.0
comorbidity_diabetes_t1,comorbidity,binary,0.0
comorbidity_coronary_artery_disease,comorbidity,binary,0.0
comorbidity_heart_failure,comorbidity,binary,0.0
comorbidity_atrial_fibrillation,comorbidity,binary,0.0
comorbidity_copd,comorbidity,binary,0.0
comorbidity_asthma,comorbidity,binary,0.0
comorbidity_chronic_kidney_disease,comorbidity,binary,0.0
comorbidity_liver_cirrhosis,comorbidity,binary,0.0
comorbidity_active_malignancy,comorbidity,binary,0.0
comorbidity_cerebrovascular_disease,comorbidity,binary,0.0
comorbidity_peripheral_vascular_disease,comorbidity,binary,0.0
comorbidity_hiv_aids,comorbidity,binary,0.0
comorbidity_dementia,comorbidity,binary,0.0
comorbidity_obesity_bmi_gte35,comorbidity,binary,0.0
comorbidity_hypothyroidism,comorbidity,binary,0.0
comorbidity_depression_anxiety,comorbidity,binary,0.0
charlson_comorbidity_index,comorbidity,numeric,0.0
med_anticoagulant_use,medication,binary,0.0
med_antiplatelet_use,medication,binary,0.0
med_insulin_use,medication,binary,0.0
med_oral_hypoglycemic_use,medication,binary,0.0
med_beta_blocker_use,medication,binary,0.0
med_ace_arb_use,medication,binary,0.0
med_statin_use,medication,binary,0.0
med_diuretic_use,medication,binary,0.0
med_corticosteroid_use,medication,binary,0.0
med_nsaid_use,medication,binary,0.0
polypharmacy_5plus,medication,binary,0.0
prior_ed_visits_12mo,history,numeric,0.0
prior_hospitalization_12mo,history,numeric,0.0
covid_vaccinated,history,binary,0.0
mews_score,vitals,numeric,0.0
sofa_score_approx,laboratory,numeric,0.0
news2_score,vitals,numeric,0.0
shock_index,vitals,numeric,0.0
modified_shock_index,vitals,numeric,0.0
