target,model,scored_on,val_pr_auc,val_roc_auc,holdout_pr_auc,holdout_pr_ci_low,holdout_pr_ci_high,holdout_roc_auc,holdout_brier,holdout_ece,K,holdout_recall_at_K,holdout_precision_at_K,note
adverse_outcome,constant_prevalence,val and holdout,0.408,0.5,0.406,0.4043,0.4076,0.5,0.2412,0.0032,0.2,0.201,0.408,dev prevalence for every row
adverse_outcome,age_only,val and holdout,0.6061,0.6734,0.604,0.6005,0.6067,0.6732,,,0.2,0.3322,0.6745,age used as the score
adverse_outcome,logreg,val and holdout,0.7464,0.7977,0.7453,0.7429,0.748,0.7978,0.1766,0.0066,0.2,0.3993,0.8107,"age spline, C=0.1, median impute, no weights"
adverse_outcome,xgboost,val and holdout,0.7548,0.8039,0.7535,0.7511,0.7564,0.8034,0.174,0.005,0.2,0.4034,0.8191,"native NaN, no weights"
adverse_outcome,lightgbm,val and holdout,0.7553,0.8041,0.754,0.7515,0.7568,0.8036,0.1739,0.0054,0.2,0.4035,0.8192,"selected model, native NaN, no weights"
adverse_outcome,mlp,val only,0.7494,0.7991,,,,,,,,,,"TensorFlow MLP, mean of 3 seeds, val only, rejected"
adverse_outcome,tabtransformer,val only,0.7455,0.7977,,,,,,,,,,"TensorFlow TabTransformer, seed 0, val only, rejected"
readmission_30d,constant_prevalence,val and holdout,0.136,0.5,0.1363,0.135,0.1375,0.5,0.1177,0.0014,0.1,0.0974,0.1328,dev prevalence for every row
readmission_30d,age_only,val and holdout,0.2107,0.6019,0.2093,0.2059,0.212,0.601,,,0.1,0.1995,0.2719,age used as the score
readmission_30d,logreg,val and holdout,0.2148,0.6085,0.2131,0.2096,0.216,0.6068,0.1147,0.0026,0.1,0.2006,0.2733,"age spline, C=0.1, median impute, no weights"
readmission_30d,xgboost,val and holdout,0.2138,0.608,0.2119,0.208,0.2151,0.6059,0.1148,0.0059,0.1,0.1995,0.2718,"native NaN, no weights"
readmission_30d,lightgbm,val and holdout,0.2138,0.608,0.2122,0.2084,0.2154,0.6069,0.1148,0.0042,0.1,0.2003,0.2729,"selected model, native NaN, no weights"
readmission_30d,mlp,val only,0.2106,0.6011,,,,,,,,,,"TensorFlow MLP, mean of 3 seeds, val only, rejected"
readmission_30d,tabtransformer,val only,0.2104,0.6022,,,,,,,,,,"TensorFlow TabTransformer, seed 0, val only, rejected"
