target,family,weight,w,pr_auc,roc_auc,brier,ece,trees,secs
adverse_outcome,logreg,none,1.0,0.7464,0.7977,0.1768,0.0065,,9
adverse_outcome,logreg,sqrt,1.2,0.7464,0.7977,0.1782,0.0339,,8
adverse_outcome,logreg,full,1.44,0.7463,0.7977,0.1821,0.0674,,8
adverse_outcome,xgboost,none,1.0,0.7548,0.8039,0.1741,0.0044,185.0,22
adverse_outcome,xgboost,sqrt,1.2,0.7547,0.8038,0.1753,0.0324,218.0,25
adverse_outcome,xgboost,full,1.44,0.7548,0.8039,0.1789,0.065,218.0,27
adverse_outcome,lightgbm,none,1.0,0.7553,0.8041,0.174,0.0043,291.0,10
adverse_outcome,lightgbm,sqrt,1.2,0.7551,0.8041,0.1752,0.0331,216.0,8
adverse_outcome,lightgbm,full,1.44,0.7554,0.8041,0.1789,0.0653,232.0,7
readmission_30d,logreg,none,1.0,0.2148,0.6085,0.1144,0.0029,,7
readmission_30d,logreg,sqrt,2.5,0.2148,0.6085,0.1361,0.1442,,7
readmission_30d,logreg,full,6.26,0.2148,0.6087,0.2379,0.3491,,7
readmission_30d,xgboost,none,1.0,0.2138,0.608,0.1146,0.0067,36.0,9
readmission_30d,xgboost,sqrt,2.5,0.2132,0.6076,0.1374,0.151,17.0,10
readmission_30d,xgboost,full,6.26,0.213,0.6069,0.2371,0.3494,35.0,10
readmission_30d,lightgbm,none,1.0,0.2138,0.608,0.1145,0.0049,51.0,3
readmission_30d,lightgbm,sqrt,2.5,0.2106,0.6067,0.1169,0.0251,3.0,2
readmission_30d,lightgbm,full,6.26,0.2027,0.6045,0.1174,0.02,1.0,2
