setting,target,seed,best_epoch,epochs_run,pr_auc,roc_auc,brier,ece,secs,lightgbm_pr_auc,gap_vs_lightgbm,hidden,dropout,lr
1,adverse_outcome,0,7,12,0.7489,0.7987,0.1762,0.0034,56,0.7553,-0.0063,"(256, 128)",0.2,0.001
1,readmission_30d,0,4,9,0.2097,0.5999,0.1159,0.0299,45,0.2138,-0.0041,"(256, 128)",0.2,0.001
2,adverse_outcome,0,5,10,0.7489,0.799,0.1762,0.0075,80,0.7553,-0.0064,"(512, 256, 128)",0.3,0.001
2,readmission_30d,0,5,10,0.2101,0.6006,0.1149,0.0104,78,0.2138,-0.0037,"(512, 256, 128)",0.3,0.001
3,adverse_outcome,0,6,11,0.7487,0.7986,0.1764,0.0087,55,0.7553,-0.0065,"(128, 64)",0.1,0.001
3,readmission_30d,0,5,10,0.2081,0.6001,0.115,0.0129,42,0.2138,-0.0057,"(128, 64)",0.1,0.001
4,adverse_outcome,0,12,17,0.7494,0.799,0.1761,0.0047,88,0.7553,-0.0058,"(256, 128)",0.2,0.0003
4,readmission_30d,0,11,16,0.2098,0.6017,0.1156,0.0272,79,0.2138,-0.004,"(256, 128)",0.2,0.0003
4,adverse_outcome,1,12,17,0.7494,0.7993,0.1761,0.0065,84,0.7553,-0.0058,"(256, 128)",0.2,0.0003
4,adverse_outcome,2,15,20,0.7495,0.7991,0.1761,0.0054,172,0.7553,-0.0058,"(256, 128)",0.2,0.0003
2,readmission_30d,1,5,10,0.2102,0.6009,0.1149,0.0125,135,0.2138,-0.0036,"(512, 256, 128)",0.3,0.001
2,readmission_30d,2,5,10,0.2115,0.6017,0.1153,0.0207,121,0.2138,-0.0023,"(512, 256, 128)",0.3,0.001
