target,model,K,n_review,events_captured,total_events,recall,precision,lift,false_positives,max_recall,f1,precision_ci_half
adverse_outcome,logreg,0.05,6693,6252,54615,0.1145,0.9341,2.2894,441,0.1225,0.204,0.0059
adverse_outcome,logreg,0.1,13385,11908,54615,0.218,0.8897,2.1804,1477,0.2451,0.3502,0.0053
adverse_outcome,logreg,0.2,26771,21716,54615,0.3976,0.8112,1.9881,5055,0.4902,0.5337,0.0047
adverse_outcome,logreg,0.3,40156,29808,54615,0.5458,0.7423,1.8193,10348,0.7353,0.6291,0.0043
adverse_outcome,logreg,0.4,53541,36340,54615,0.6654,0.6787,1.6635,17201,0.9803,0.672,0.004
adverse_outcome,xgboost,0.05,6693,6302,54615,0.1154,0.9416,2.3077,391,0.1225,0.2056,0.0056
adverse_outcome,xgboost,0.1,13385,12056,54615,0.2207,0.9007,2.2075,1329,0.2451,0.3546,0.0051
adverse_outcome,xgboost,0.2,26771,21970,54615,0.4023,0.8207,2.0113,4801,0.4902,0.5399,0.0046
adverse_outcome,xgboost,0.3,40156,30069,54615,0.5506,0.7488,1.8352,10087,0.7353,0.6346,0.0042
adverse_outcome,xgboost,0.4,53541,36613,54615,0.6704,0.6838,1.676,16928,0.9803,0.677,0.0039
adverse_outcome,lightgbm,0.05,6693,6313,54615,0.1156,0.9432,2.3117,380,0.1225,0.2059,0.0055
adverse_outcome,lightgbm,0.1,13385,12042,54615,0.2205,0.8997,2.2049,1343,0.2451,0.3542,0.0051
adverse_outcome,lightgbm,0.2,26771,21986,54615,0.4026,0.8213,2.0128,4785,0.4902,0.5403,0.0046
adverse_outcome,lightgbm,0.3,40156,30054,54615,0.5503,0.7484,1.8343,10102,0.7353,0.6342,0.0042
adverse_outcome,lightgbm,0.4,53541,36641,54615,0.6709,0.6844,1.6772,16900,0.9803,0.6776,0.0039
readmission_30d,logreg,0.01,1339,532,18209,0.0292,0.3973,2.9206,807,0.0735,0.0544,0.0262
readmission_30d,logreg,0.05,6693,2087,18209,0.1146,0.3118,2.2922,4606,0.3676,0.1676,0.0111
readmission_30d,logreg,0.1,13385,3657,18209,0.2008,0.2732,2.0084,9728,0.7351,0.2315,0.0075
readmission_30d,logreg,0.2,26771,6108,18209,0.3354,0.2282,1.6772,20663,1.0,0.2716,0.005
readmission_30d,xgboost,0.01,1339,519,18209,0.0285,0.3876,2.8492,820,0.0735,0.0531,0.0261
readmission_30d,xgboost,0.05,6693,2069,18209,0.1136,0.3091,2.2724,4624,0.3676,0.1662,0.0111
readmission_30d,xgboost,0.1,13385,3664,18209,0.2012,0.2737,2.0122,9721,0.7351,0.2319,0.0076
readmission_30d,xgboost,0.2,26771,6101,18209,0.3351,0.2279,1.6752,20670,1.0,0.2713,0.005
readmission_30d,lightgbm,0.01,1339,513,18209,0.0282,0.3831,2.8163,826,0.0735,0.0525,0.026
readmission_30d,lightgbm,0.05,6693,2085,18209,0.1145,0.3115,2.29,4608,0.3676,0.1675,0.0111
readmission_30d,lightgbm,0.1,13385,3645,18209,0.2002,0.2723,2.0018,9740,0.7351,0.2307,0.0075
readmission_30d,lightgbm,0.2,26771,6139,18209,0.3371,0.2293,1.6857,20632,1.0,0.273,0.005
