target,feature,group,mean_abs_shap
adverse_outcome,age,demographic,0.55044
adverse_outcome,sofa_score_approx,laboratory,0.265
adverse_outcome,triage_level,presentation,0.22597
adverse_outcome,gender,demographic,0.21802
adverse_outcome,gcs_total,vitals,0.20136
adverse_outcome,charlson_comorbidity_index,comorbidity,0.1822
adverse_outcome,mews_score,vitals,0.1556
adverse_outcome,wbc_k_ul,laboratory,0.11388
adverse_outcome,lactate_mmoll,laboratory,0.09197
adverse_outcome,sbp_mmhg,vitals,0.06959
adverse_outcome,troponin_i_ngml,laboratory,0.06221
adverse_outcome,news2_score,vitals,0.05675
adverse_outcome,spo2_pct,vitals,0.05302
adverse_outcome,anion_gap_meql,laboratory,0.03688
adverse_outcome,comorbidity_heart_failure,comorbidity,0.02479
adverse_outcome,heart_rate_bpm,vitals,0.02375
adverse_outcome,arrival_hour,temporal,0.02335
adverse_outcome,respiratory_rate_rpm,vitals,0.02228
adverse_outcome,chief_complaint,presentation,0.01828
adverse_outcome,bmi,demographic,0.01491
adverse_outcome,city,institutional,0.01448
adverse_outcome,prior_hospitalization_12mo,history,0.01159
adverse_outcome,comorbidity_active_malignancy,comorbidity,0.01107
adverse_outcome,comorbidity_chronic_kidney_disease,comorbidity,0.00697
adverse_outcome,bnp_pgl,laboratory,0.00651
adverse_outcome,bicarbonate_meql,laboratory,0.00494
adverse_outcome,glucose_mgdl,laboratory,0.00474
adverse_outcome,procalcitonin_ngl,laboratory,0.00414
adverse_outcome,comorbidity_coronary_artery_disease,comorbidity,0.00405
adverse_outcome,weight_kg,demographic,0.00391
adverse_outcome,pain_score_nrs,vitals,0.00339
adverse_outcome,shock_index,vitals,0.00315
adverse_outcome,height_cm,demographic,0.00313
adverse_outcome,modified_shock_index,vitals,0.00311
adverse_outcome,dbp_mmhg,vitals,0.0031
adverse_outcome,calcium_mgdl,laboratory,0.00292
adverse_outcome,magnesium_mgdl,laboratory,0.0029
adverse_outcome,prior_ed_visits_12mo,history,0.00287
adverse_outcome,d_dimer_mgfl,laboratory,0.00286
adverse_outcome,creatinine_mgdl,laboratory,0.0028
adverse_outcome,annual_ed_volume,institutional,0.00278
adverse_outcome,bun_mgdl,laboratory,0.00278
adverse_outcome,crp_mgl,laboratory,0.00277
adverse_outcome,comorbidity_copd,comorbidity,0.00264
adverse_outcome,sodium_meql,laboratory,0.00258
adverse_outcome,uric_acid_mgdl,laboratory,0.00234
adverse_outcome,total_bilirubin_mgdl,laboratory,0.00225
adverse_outcome,ast_ul,laboratory,0.00222
adverse_outcome,lipase_ul,laboratory,0.00216
adverse_outcome,albumin_gdl,laboratory,0.00207
adverse_outcome,comorbidity_diabetes_t2,comorbidity,0.00206
adverse_outcome,chloride_meql,laboratory,0.00204
adverse_outcome,platelets_k_ul,laboratory,0.00203
adverse_outcome,aptt_sec,laboratory,0.00198
adverse_outcome,phosphorus_mgdl,laboratory,0.00198
adverse_outcome,potassium_meql,laboratory,0.00196
adverse_outcome,comorbidity_cerebrovascular_disease,comorbidity,0.00186
adverse_outcome,comorbidity_diabetes_t1,comorbidity,0.00183
adverse_outcome,inr,laboratory,0.00182
adverse_outcome,egfr_ml_min,laboratory,0.00171
adverse_outcome,hemoglobin_gdl,laboratory,0.0017
adverse_outcome,alt_ul,laboratory,0.00163
adverse_outcome,temperature_celsius,vitals,0.00142
adverse_outcome,arrival_mode,presentation,0.00141
adverse_outcome,med_diuretic_use,medication,0.00105
adverse_outcome,comorbidity_liver_cirrhosis,comorbidity,0.00095
adverse_outcome,comorbidity_hypertension,comorbidity,0.00075
adverse_outcome,ses_index,demographic,0.00069
adverse_outcome,hospital_type,institutional,0.00068
adverse_outcome,comorbidity_hiv_aids,comorbidity,0.00066
adverse_outcome,insurance_type,demographic,0.00057
adverse_outcome,urban_rural,institutional,0.00034
adverse_outcome,med_statin_use,medication,0.00033
adverse_outcome,covid_vaccinated,history,0.00029
adverse_outcome,med_antiplatelet_use,medication,0.00021
adverse_outcome,med_oral_hypoglycemic_use,medication,0.00021
adverse_outcome,comorbidity_atrial_fibrillation,comorbidity,0.00021
adverse_outcome,med_corticosteroid_use,medication,0.00021
adverse_outcome,comorbidity_obesity_bmi_gte35,comorbidity,0.00017
adverse_outcome,med_beta_blocker_use,medication,0.00016
adverse_outcome,comorbidity_dementia,comorbidity,0.00015
adverse_outcome,comorbidity_hypothyroidism,comorbidity,0.00014
adverse_outcome,comorbidity_peripheral_vascular_disease,comorbidity,0.0001
adverse_outcome,med_nsaid_use,medication,6e-05
adverse_outcome,med_insulin_use,medication,5e-05
adverse_outcome,med_anticoagulant_use,medication,5e-05
adverse_outcome,comorbidity_depression_anxiety,comorbidity,3e-05
adverse_outcome,comorbidity_asthma,comorbidity,3e-05
adverse_outcome,med_ace_arb_use,medication,3e-05
adverse_outcome,polypharmacy_5plus,medication,0.0
readmission_30d,age,demographic,0.20753
readmission_30d,charlson_comorbidity_index,comorbidity,0.07438
readmission_30d,prior_ed_visits_12mo,history,0.04131
readmission_30d,chief_complaint,presentation,0.01198
readmission_30d,city,institutional,0.00856
readmission_30d,triage_level,presentation,0.00497
readmission_30d,comorbidity_chronic_kidney_disease,comorbidity,0.00415
readmission_30d,crp_mgl,laboratory,0.00353
readmission_30d,comorbidity_active_malignancy,comorbidity,0.00336
readmission_30d,bnp_pgl,laboratory,0.00263
readmission_30d,ses_index,demographic,0.00166
readmission_30d,comorbidity_liver_cirrhosis,comorbidity,0.00154
readmission_30d,total_bilirubin_mgdl,laboratory,0.00152
readmission_30d,respiratory_rate_rpm,vitals,0.0014
readmission_30d,aptt_sec,laboratory,0.00139
readmission_30d,troponin_i_ngml,laboratory,0.00131
readmission_30d,ast_ul,laboratory,0.0013
readmission_30d,glucose_mgdl,laboratory,0.00118
readmission_30d,lipase_ul,laboratory,0.00113
readmission_30d,calcium_mgdl,laboratory,0.00108
readmission_30d,comorbidity_dementia,comorbidity,0.00105
readmission_30d,magnesium_mgdl,laboratory,0.00098
readmission_30d,lactate_mmoll,laboratory,0.00094
readmission_30d,comorbidity_diabetes_t2,comorbidity,0.00093
readmission_30d,annual_ed_volume,institutional,0.00093
readmission_30d,weight_kg,demographic,0.00091
readmission_30d,potassium_meql,laboratory,0.0009
readmission_30d,hemoglobin_gdl,laboratory,0.00087
readmission_30d,alt_ul,laboratory,0.0008
readmission_30d,comorbidity_coronary_artery_disease,comorbidity,0.00079
readmission_30d,comorbidity_diabetes_t1,comorbidity,0.00074
readmission_30d,wbc_k_ul,laboratory,0.00069
readmission_30d,inr,laboratory,0.00068
readmission_30d,uric_acid_mgdl,laboratory,0.00067
readmission_30d,phosphorus_mgdl,laboratory,0.00067
readmission_30d,chloride_meql,laboratory,0.00067
readmission_30d,dbp_mmhg,vitals,0.00066
readmission_30d,platelets_k_ul,laboratory,0.00066
readmission_30d,albumin_gdl,laboratory,0.00066
readmission_30d,bicarbonate_meql,laboratory,0.00063
readmission_30d,spo2_pct,vitals,0.00062
readmission_30d,procalcitonin_ngl,laboratory,0.00061
readmission_30d,sodium_meql,laboratory,0.00056
readmission_30d,bmi,demographic,0.00056
readmission_30d,covid_vaccinated,history,0.00054
readmission_30d,anion_gap_meql,laboratory,0.00054
readmission_30d,egfr_ml_min,laboratory,0.00049
readmission_30d,height_cm,demographic,0.00048
readmission_30d,d_dimer_mgfl,laboratory,0.00048
readmission_30d,temperature_celsius,vitals,0.00046
readmission_30d,comorbidity_hiv_aids,comorbidity,0.00045
readmission_30d,comorbidity_obesity_bmi_gte35,comorbidity,0.00043
readmission_30d,hospital_type,institutional,0.00041
readmission_30d,news2_score,vitals,0.00039
readmission_30d,sbp_mmhg,vitals,0.00037
readmission_30d,creatinine_mgdl,laboratory,0.00034
readmission_30d,modified_shock_index,vitals,0.00032
readmission_30d,heart_rate_bpm,vitals,0.00031
readmission_30d,bun_mgdl,laboratory,0.0003
readmission_30d,gcs_total,vitals,0.00025
readmission_30d,arrival_mode,presentation,0.00022
readmission_30d,sofa_score_approx,laboratory,0.00021
readmission_30d,shock_index,vitals,0.0002
readmission_30d,med_statin_use,medication,0.00017
readmission_30d,arrival_hour,temporal,0.00015
readmission_30d,comorbidity_hypertension,comorbidity,0.00013
readmission_30d,insurance_type,demographic,0.00012
readmission_30d,pain_score_nrs,vitals,0.0001
readmission_30d,med_insulin_use,medication,6e-05
readmission_30d,med_beta_blocker_use,medication,6e-05
readmission_30d,mews_score,vitals,6e-05
readmission_30d,med_corticosteroid_use,medication,5e-05
readmission_30d,urban_rural,institutional,4e-05
readmission_30d,med_nsaid_use,medication,3e-05
readmission_30d,comorbidity_asthma,comorbidity,2e-05
readmission_30d,prior_hospitalization_12mo,history,2e-05
readmission_30d,gender,demographic,1e-05
readmission_30d,comorbidity_heart_failure,comorbidity,0.0
readmission_30d,comorbidity_atrial_fibrillation,comorbidity,0.0
readmission_30d,comorbidity_cerebrovascular_disease,comorbidity,0.0
readmission_30d,comorbidity_peripheral_vascular_disease,comorbidity,0.0
readmission_30d,comorbidity_copd,comorbidity,0.0
readmission_30d,med_antiplatelet_use,medication,0.0
readmission_30d,med_anticoagulant_use,medication,0.0
readmission_30d,comorbidity_hypothyroidism,comorbidity,0.0
readmission_30d,comorbidity_depression_anxiety,comorbidity,0.0
readmission_30d,polypharmacy_5plus,medication,0.0
readmission_30d,med_diuretic_use,medication,0.0
readmission_30d,med_oral_hypoglycemic_use,medication,0.0
readmission_30d,med_ace_arb_use,medication,0.0
