target,variable,group,n,events,prevalence,pr_auc,pr_ci_low,pr_ci_high,pr_over_prev,roc_auc,roc_ci_low,roc_ci_high,flagged_share,precision,recall,small_group
adverse_outcome,overall,all val 2022,133853,54615,0.408,0.7553,0.7519,0.7584,1.851,0.8041,0.8017,0.8065,0.2,0.8213,0.4026,False
adverse_outcome,gender,Female,65791,24167,0.3673,0.7299,0.7244,0.7358,1.987,0.8064,0.8031,0.8098,0.1661,0.8138,0.368,False
adverse_outcome,gender,Male,68062,30448,0.4474,0.774,0.7698,0.7788,1.7301,0.7973,0.7941,0.8012,0.2328,0.8264,0.43,False
adverse_outcome,age_group,Neonate,2348,643,0.2739,0.5903,0.552,0.6299,2.1556,0.7562,0.731,0.7779,0.0673,0.8291,0.2037,False
adverse_outcome,age_group,Pediatric (2-11),4250,1153,0.2713,0.6303,0.6041,0.6578,2.3232,0.78,0.7641,0.7965,0.0699,0.835,0.2151,False
adverse_outcome,age_group,Adolescent (12-17),4572,1290,0.2822,0.6188,0.5962,0.6474,2.1931,0.7765,0.7641,0.7933,0.0717,0.811,0.2062,False
adverse_outcome,age_group,Young Adult (18-39),35816,9770,0.2728,0.5997,0.5896,0.6109,2.1984,0.7687,0.7631,0.7741,0.0723,0.7867,0.2084,False
adverse_outcome,age_group,Middle Adult (40-64),56561,21857,0.3864,0.6994,0.6929,0.7056,1.8098,0.7701,0.7664,0.7738,0.1463,0.8043,0.3045,False
adverse_outcome,age_group,Older Adult (65-79),20029,11962,0.5972,0.82,0.8129,0.8277,1.3731,0.7533,0.7465,0.7605,0.3699,0.8253,0.5111,False
adverse_outcome,age_group,Elderly (80+),10277,7940,0.7726,0.9086,0.9022,0.9142,1.1761,0.7507,0.7413,0.7625,0.751,0.8469,0.8232,False
adverse_outcome,hospital_type,City Hospital,13494,5536,0.4103,0.7598,0.7479,0.7706,1.8519,0.8032,0.7957,0.8097,0.2014,0.8263,0.4057,False
adverse_outcome,hospital_type,Private Hospital,20325,8343,0.4105,0.7526,0.7438,0.7619,1.8334,0.8006,0.7951,0.806,0.2035,0.8119,0.4025,False
adverse_outcome,hospital_type,State Hospital,53259,21849,0.4102,0.7574,0.7513,0.7626,1.8463,0.806,0.8024,0.8102,0.2015,0.8231,0.4043,False
adverse_outcome,hospital_type,Training and Research Hospital,26758,10880,0.4066,0.7536,0.7466,0.7618,1.8534,0.8025,0.7982,0.8072,0.1965,0.8226,0.3976,False
adverse_outcome,hospital_type,University Hospital,20017,8007,0.4,0.7514,0.7433,0.7596,1.8785,0.8053,0.8001,0.8119,0.1961,0.8209,0.4024,False
adverse_outcome,region,Aegean,17441,7079,0.4059,0.7537,0.7425,0.766,1.857,0.8022,0.7948,0.8093,0.2017,0.8195,0.4073,False
adverse_outcome,region,Black Sea,4828,1985,0.4111,0.7538,0.7349,0.7729,1.8334,0.8025,0.792,0.8155,0.1945,0.8211,0.3884,False
adverse_outcome,region,Central Anatolia,21000,8589,0.409,0.7532,0.7445,0.7639,1.8416,0.8025,0.7966,0.8081,0.1999,0.8246,0.403,False
adverse_outcome,region,Eastern Anatolia,6055,2506,0.4139,0.7605,0.7455,0.7755,1.8375,0.8057,0.7944,0.8156,0.2035,0.8157,0.401,False
adverse_outcome,region,Marmara,51898,21201,0.4085,0.756,0.7503,0.7611,1.8506,0.8061,0.8023,0.81,0.2001,0.8195,0.4013,False
adverse_outcome,region,Mediterranean,18807,7599,0.4041,0.7575,0.7471,0.767,1.8746,0.8044,0.7976,0.8112,0.1973,0.8299,0.4052,False
adverse_outcome,region,Southeastern Anatolia,13824,5656,0.4091,0.753,0.7403,0.7649,1.8405,0.801,0.7941,0.8088,0.202,0.8159,0.4028,False
adverse_outcome,urban_rural,Peri-Urban,33590,13698,0.4078,0.7575,0.7507,0.7634,1.8574,0.8053,0.8012,0.8095,0.2011,0.8265,0.4075,False
adverse_outcome,urban_rural,Rural,22688,9326,0.4111,0.7515,0.7427,0.759,1.8283,0.7989,0.793,0.8044,0.2027,0.8152,0.402,False
adverse_outcome,urban_rural,Urban,77575,31591,0.4072,0.7554,0.7504,0.7597,1.855,0.8051,0.802,0.8079,0.1987,0.8208,0.4006,False
adverse_outcome,season,Autumn,33373,13519,0.4051,0.7493,0.7413,0.7562,1.8497,0.8006,0.7958,0.8052,0.1999,0.8134,0.4014,False
adverse_outcome,season,Spring,33482,13633,0.4072,0.7526,0.7454,0.7601,1.8483,0.804,0.7992,0.8092,0.1975,0.8178,0.3967,False
adverse_outcome,season,Summer,33814,13971,0.4132,0.762,0.7555,0.7691,1.8442,0.8073,0.8028,0.8122,0.2055,0.8277,0.4117,False
adverse_outcome,season,Winter,33184,13492,0.4066,0.7572,0.7503,0.7648,1.8623,0.8044,0.7995,0.8095,0.197,0.8259,0.4002,False
adverse_outcome,shift,day,78151,31503,0.4031,0.7532,0.7487,0.7577,1.8686,0.8045,0.8011,0.8076,0.1975,0.8209,0.4023,False
adverse_outcome,shift,night,55702,23112,0.4149,0.7581,0.753,0.763,1.827,0.8035,0.7998,0.8067,0.2035,0.8217,0.403,False
adverse_outcome,labs_missing,0-2,74380,30392,0.4086,0.7545,0.7498,0.7589,1.8465,0.8027,0.7993,0.8059,0.2011,0.8207,0.4038,False
adverse_outcome,labs_missing,3-4,53164,21680,0.4078,0.7557,0.7508,0.7607,1.8532,0.8053,0.8008,0.8093,0.1982,0.8219,0.3994,False
adverse_outcome,labs_missing,5-7,6309,2543,0.4031,0.7612,0.7462,0.7752,1.8884,0.8115,0.8003,0.8221,0.2027,0.8233,0.4141,False
readmission_30d,overall,all val 2022,133853,18209,0.136,0.2138,0.2089,0.2187,1.5717,0.608,0.6031,0.6122,0.1,0.2723,0.2002,False
readmission_30d,gender,Female,65791,8963,0.1362,0.214,0.2073,0.2214,1.5711,0.6094,0.6025,0.6162,0.1014,0.2678,0.1993,False
readmission_30d,gender,Male,68062,9246,0.1358,0.2138,0.2074,0.2221,1.5735,0.6066,0.6001,0.613,0.0987,0.2768,0.2011,False
readmission_30d,age_group,Neonate,2348,231,0.0984,0.1063,0.0899,0.1247,1.0804,0.5375,0.504,0.5718,0.0,,0.0,False
readmission_30d,age_group,Pediatric (2-11),4250,478,0.1125,0.1257,0.1108,0.1434,1.1175,0.5255,0.4958,0.5499,0.0,,0.0,False
readmission_30d,age_group,Adolescent (12-17),4572,505,0.1105,0.1194,0.1084,0.1358,1.0807,0.5259,0.5009,0.5536,0.0,,0.0,False
readmission_30d,age_group,Young Adult (18-39),35816,3701,0.1033,0.1085,0.1044,0.1136,1.0501,0.5174,0.5078,0.5271,0.0,0.0,0.0,False
readmission_30d,age_group,Middle Adult (40-64),56561,6651,0.1176,0.1374,0.1325,0.1427,1.1687,0.5499,0.5423,0.5573,0.0002,0.0769,0.0002,False
readmission_30d,age_group,Older Adult (65-79),20029,3714,0.1854,0.215,0.2066,0.2246,1.1597,0.5508,0.5419,0.5611,0.1605,0.229,0.1982,False
readmission_30d,age_group,Elderly (80+),10277,2929,0.285,0.347,0.3286,0.3644,1.2176,0.5688,0.5575,0.5819,0.9884,0.2863,0.9928,False
readmission_30d,hospital_type,City Hospital,13494,1852,0.1372,0.2156,0.2018,0.2344,1.571,0.6102,0.5985,0.6262,0.1,0.2661,0.1938,False
readmission_30d,hospital_type,Private Hospital,20325,2687,0.1322,0.2038,0.1909,0.2146,1.5414,0.6073,0.5945,0.6187,0.1,0.2548,0.1928,False
readmission_30d,hospital_type,State Hospital,53259,7127,0.1338,0.2107,0.2032,0.2179,1.5742,0.6072,0.6012,0.6135,0.1012,0.2684,0.2029,False
readmission_30d,hospital_type,Training and Research Hospital,26758,3770,0.1409,0.2225,0.2117,0.2348,1.5793,0.6091,0.6,0.619,0.0988,0.2866,0.2011,False
readmission_30d,hospital_type,University Hospital,20017,2773,0.1385,0.2215,0.2088,0.235,1.5987,0.608,0.598,0.62,0.0985,0.2861,0.2034,False
readmission_30d,region,Aegean,17441,2354,0.135,0.2131,0.1997,0.2282,1.5787,0.6082,0.5967,0.6194,0.0989,0.2748,0.2014,False
readmission_30d,region,Black Sea,4828,662,0.1371,0.2136,0.1895,0.2387,1.5578,0.602,0.5775,0.6255,0.0944,0.2719,0.1873,False
readmission_30d,region,Central Anatolia,21000,2879,0.1371,0.2182,0.2082,0.2329,1.5916,0.6057,0.5951,0.6175,0.1036,0.2702,0.2042,False
readmission_30d,region,Eastern Anatolia,6055,826,0.1364,0.2169,0.1952,0.2402,1.5902,0.607,0.5852,0.6282,0.1021,0.2573,0.1925,False
readmission_30d,region,Marmara,51898,7030,0.1355,0.2154,0.2077,0.224,1.5899,0.6133,0.6065,0.6213,0.1004,0.2751,0.204,False
readmission_30d,region,Mediterranean,18807,2631,0.1399,0.2164,0.2036,0.2306,1.5466,0.6055,0.5924,0.6176,0.0971,0.2892,0.2007,False
readmission_30d,region,Southeastern Anatolia,13824,1827,0.1322,0.2039,0.1909,0.2212,1.5428,0.5985,0.5861,0.6132,0.0993,0.2462,0.185,False
readmission_30d,urban_rural,Peri-Urban,33590,4591,0.1367,0.2116,0.2022,0.222,1.5479,0.6054,0.5949,0.6148,0.1016,0.2702,0.2008,False
readmission_30d,urban_rural,Rural,22688,3064,0.135,0.2122,0.2019,0.225,1.571,0.6127,0.5999,0.6235,0.1019,0.2696,0.2033,False
readmission_30d,urban_rural,Urban,77575,10554,0.136,0.2156,0.2099,0.2226,1.5848,0.6078,0.6018,0.6132,0.0988,0.274,0.199,False
readmission_30d,season,Autumn,33373,4501,0.1349,0.2091,0.1996,0.2198,1.5501,0.6047,0.596,0.6148,0.0995,0.2666,0.1966,False
readmission_30d,season,Spring,33482,4505,0.1345,0.2111,0.2007,0.2205,1.5687,0.6098,0.6011,0.6176,0.0977,0.2683,0.1949,False
readmission_30d,season,Summer,33814,4642,0.1373,0.22,0.2101,0.2308,1.6024,0.6083,0.5989,0.6177,0.1024,0.2825,0.2107,False
readmission_30d,season,Winter,33184,4561,0.1374,0.2164,0.2067,0.2266,1.5746,0.6092,0.6007,0.618,0.1004,0.2712,0.1982,False
readmission_30d,shift,day,78151,10653,0.1363,0.2128,0.2069,0.2193,1.5609,0.6072,0.601,0.6119,0.1003,0.271,0.1994,False
readmission_30d,shift,night,55702,7556,0.1357,0.2155,0.2092,0.2236,1.5888,0.6092,0.6027,0.6166,0.0996,0.2741,0.2013,False
readmission_30d,labs_missing,0-2,74380,10017,0.1347,0.2105,0.2043,0.2157,1.5627,0.6041,0.5989,0.6094,0.0992,0.2681,0.1974,False
readmission_30d,labs_missing,3-4,53164,7302,0.1373,0.2185,0.2122,0.2252,1.5911,0.6141,0.607,0.6212,0.101,0.2771,0.2038,False
readmission_30d,labs_missing,5-7,6309,890,0.1411,0.2178,0.1969,0.243,1.5442,0.6021,0.5857,0.6249,0.1016,0.2808,0.2022,False
