target,model,year,n,prevalence,pr_auc,pr_ci_low,pr_ci_high,roc_auc,brier,ece,note
adverse_outcome,A (2019 only),2019 early-stop rows,19998,0.4122,0.7499,0.7414,0.7601,0.797,0.1777,0.0101,"used for early stopping, slightly optimistic"
adverse_outcome,A (2019 only),2020,133486,0.4092,0.7502,0.7468,0.7536,0.8008,0.1757,0.0052,out-of-sample
adverse_outcome,A (2019 only),2021,133063,0.4103,0.7537,0.7502,0.7579,0.8014,0.1755,0.006,out-of-sample
adverse_outcome,A (2019 only),2022,133853,0.408,0.7526,0.7492,0.7562,0.8023,0.1749,0.0064,out-of-sample
adverse_outcome,reference (2019-2021),2022,133853,0.408,0.7553,0.7519,0.7584,0.8041,0.174,0.0043,"out-of-sample, about 3x the training rows"
readmission_30d,A (2019 only),2019 early-stop rows,19998,0.1366,0.2174,0.2054,0.2304,0.6093,0.1149,0.0083,"used for early stopping, slightly optimistic"
readmission_30d,A (2019 only),2020,133486,0.1368,0.2088,0.2042,0.2135,0.5999,0.1154,0.0061,out-of-sample
readmission_30d,A (2019 only),2021,133063,0.1381,0.2096,0.2051,0.2146,0.6044,0.1164,0.0044,out-of-sample
readmission_30d,A (2019 only),2022,133853,0.136,0.2108,0.2062,0.2156,0.607,0.1147,0.0072,out-of-sample
readmission_30d,reference (2019-2021),2022,133853,0.136,0.2138,0.2089,0.2187,0.608,0.1145,0.0049,"out-of-sample, about 3x the training rows"
